region,terrain,road_width,depth,building_type,area_m2,floors,material_grade,category,project_type,actual_price
대전,일반,4.4,1.3,일반,0.0,0,보통,cable,infra,4539
서울,연약지반,15.9,1.9,일반,0.0,0,보통,handhole,infra,747631
서울,일반,7.5,1.8,일반,0.0,0,보통,conduit,infra,23054
대전,연약지반,15.2,1.6,일반,0.0,0,보통,manhole,infra,1804306
인천,일반,16.1,1.0,일반,0.0,0,보통,manhole,infra,1400794
경기,일반,19.3,1.4,일반,0.0,0,보통,conduit,infra,18461
부산,암반,13.7,2.5,일반,0.0,0,보통,pole,infra,1924400
서울,암반,5.3,1.3,일반,0.0,0,보통,pole,infra,1811720
인천,암반,13.2,2.3,일반,0.0,0,보통,conduit,infra,34916
인천,암반,19.8,2.7,일반,0.0,0,보통,junction,infra,1043495
부산,암반,14.2,1.5,일반,0.0,0,보통,earthwork,infra,51727
대전,암반,15.2,2.2,일반,0.0,0,보통,conduit,infra,30232
경기,연약지반,15.7,1.0,일반,0.0,0,보통,manhole,infra,1710205
대전,연약지반,12.9,2.2,일반,0.0,0,보통,junction,infra,743585
서울,일반,17.1,2.5,일반,0.0,0,보통,manhole,infra,2088548
경기,연약지반,18.0,1.4,일반,0.0,0,보통,pole,infra,1295952
대전,암반,6.3,0.9,일반,0.0,0,보통,pole,infra,1216367
부산,연약지반,13.4,2.8,일반,0.0,0,보통,manhole,infra,2379100
경기,연약지반,11.9,2.4,일반,0.0,0,보통,junction,infra,727350
대전,일반,16.7,1.6,일반,0.0,0,보통,conduit,infra,16884
광주,암반,12.5,2.9,일반,0.0,0,보통,junction,infra,1027816
대전,연약지반,5.8,2.7,일반,0.0,0,보통,junction,infra,668174
대전,암반,5.8,1.6,일반,0.0,0,보통,manhole,infra,1792674
대전,연약지반,8.2,1.8,일반,0.0,0,보통,cable,infra,7110
서울,연약지반,8.8,2.1,일반,0.0,0,보통,handhole,infra,684893
부산,일반,12.6,2.5,일반,0.0,0,보통,handhole,infra,568928
광주,암반,11.8,0.9,일반,0.0,0,보통,earthwork,infra,42654
인천,암반,7.8,1.2,일반,0.0,0,보통,handhole,infra,700163
서울,연약지반,11.8,0.8,일반,0.0,0,보통,junction,infra,804341
경기,일반,14.6,2.9,일반,0.0,0,보통,cable,infra,7012
인천,연약지반,10.8,1.1,일반,0.0,0,보통,handhole,infra,556882
대전,일반,15.4,1.6,일반,0.0,0,보통,pole,infra,938052
대구,연약지반,11.2,1.2,일반,0.0,0,보통,conduit,infra,20445
광주,연약지반,7.7,1.1,일반,0.0,0,보통,conduit,infra,19945
서울,일반,5.1,0.7,일반,0.0,0,보통,earthwork,infra,28738
경기,암반,14.7,1.1,일반,0.0,0,보통,cable,infra,9661
광주,연약지반,11.6,2.5,일반,0.0,0,보통,junction,infra,710779
서울,일반,14.5,1.5,일반,0.0,0,보통,manhole,infra,1857383
대전,일반,14.8,3.0,일반,0.0,0,보통,conduit,infra,18557
대전,암반,16.8,0.9,일반,0.0,0,보통,cable,infra,7797
대구,일반,10.8,1.3,일반,0.0,0,보통,cable,infra,5888
서울,암반,16.9,2.7,일반,0.0,0,보통,conduit,infra,40794
광주,일반,19.5,2.8,일반,0.0,0,보통,junction,infra,589366
대구,암반,11.7,2.7,일반,0.0,0,보통,conduit,infra,29865
서울,암반,8.2,2.5,일반,0.0,0,보통,manhole,infra,3080345
대전,연약지반,19.9,1.9,일반,0.0,0,보통,pole,infra,1282526
경기,암반,7.5,0.7,일반,0.0,0,보통,pole,infra,1306824
대전,암반,4.9,2.0,일반,0.0,0,보통,handhole,infra,658733
광주,일반,4.9,1.8,일반,0.0,0,보통,junction,infra,445429
광주,일반,14.8,1.2,일반,0.0,0,보통,conduit,infra,17434
광주,일반,13.3,0.7,일반,0.0,0,보통,conduit,infra,14374
광주,연약지반,12.4,2.8,일반,0.0,0,보통,cable,infra,8700
부산,일반,8.2,0.9,일반,0.0,0,보통,pole,infra,881887
부산,일반,4.1,2.1,일반,0.0,0,보통,handhole,infra,503561
서울,연약지반,7.4,1.2,일반,0.0,0,보통,earthwork,infra,48672
경기,암반,8.6,1.7,일반,0.0,0,보통,handhole,infra,693291
광주,연약지반,12.5,2.2,일반,0.0,0,보통,handhole,infra,524856
대전,일반,19.0,0.9,일반,0.0,0,보통,conduit,infra,17140
대전,연약지반,6.5,1.3,일반,0.0,0,보통,cable,infra,6781
경기,연약지반,14.1,1.2,일반,0.0,0,보통,manhole,infra,1730050
인천,일반,5.5,1.6,일반,0.0,0,보통,earthwork,infra,27003
부산,일반,14.2,1.2,일반,0.0,0,보통,pole,infra,1007660
대전,암반,13.0,0.9,일반,0.0,0,보통,pole,infra,1387210
광주,일반,17.4,2.0,일반,0.0,0,보통,cable,infra,6040
서울,암반,9.8,2.8,일반,0.0,0,보통,junction,infra,1155329
부산,일반,14.9,2.2,일반,0.0,0,보통,earthwork,infra,38946
인천,암반,19.6,2.4,일반,0.0,0,보통,cable,infra,12998
인천,일반,18.1,0.7,일반,0.0,0,보통,pole,infra,1016495
인천,암반,16.8,2.7,일반,0.0,0,보통,junction,infra,1047975
경기,연약지반,5.7,2.7,일반,0.0,0,보통,junction,infra,765642
경기,암반,9.6,2.6,일반,0.0,0,보통,junction,infra,920607
서울,연약지반,7.1,1.4,일반,0.0,0,보통,junction,infra,763986
인천,암반,9.6,1.8,일반,0.0,0,보통,pole,infra,1787021
광주,암반,19.0,0.9,일반,0.0,0,보통,earthwork,infra,39676
부산,일반,5.7,1.6,일반,0.0,0,보통,pole,infra,1051148
대구,연약지반,19.7,0.9,일반,0.0,0,보통,handhole,infra,478043
서울,연약지반,11.0,1.8,일반,0.0,0,보통,junction,infra,926562
대전,연약지반,15.8,1.1,일반,0.0,0,보통,manhole,infra,1513991
대전,암반,14.0,2.2,일반,0.0,0,보통,conduit,infra,30541
부산,연약지반,8.9,1.6,일반,0.0,0,보통,manhole,infra,2081148
광주,일반,7.1,2.2,일반,0.0,0,보통,manhole,infra,1416079
경기,연약지반,13.1,1.6,일반,0.0,0,보통,junction,infra,645266
부산,일반,10.9,2.0,일반,0.0,0,보통,pole,infra,1067048
대구,암반,14.8,1.8,일반,0.0,0,보통,junction,infra,950688
인천,연약지반,6.7,0.8,일반,0.0,0,보통,handhole,infra,501369
광주,암반,5.5,2.9,일반,0.0,0,보통,cable,infra,10127
경기,일반,6.4,0.7,일반,0.0,0,보통,manhole,infra,1228202
인천,일반,11.3,2.7,일반,0.0,0,보통,handhole,infra,478206
대전,암반,11.9,1.2,일반,0.0,0,보통,pole,infra,1379824
인천,일반,16.5,1.1,일반,0.0,0,보통,junction,infra,603722
광주,암반,4.8,1.2,일반,0.0,0,보통,junction,infra,644180
경기,암반,14.7,3.0,일반,0.0,0,보통,handhole,infra,804233
인천,암반,13.8,2.3,일반,0.0,0,보통,handhole,infra,782144
광주,암반,18.4,2.4,일반,0.0,0,보통,manhole,infra,2476245
인천,일반,17.4,1.3,일반,0.0,0,보통,junction,infra,577085
대전,일반,8.4,0.8,일반,0.0,0,보통,earthwork,infra,22341
부산,암반,18.3,0.8,일반,0.0,0,보통,cable,infra,9418
대전,일반,15.3,0.8,일반,0.0,0,보통,manhole,infra,1169405
대구,암반,5.0,2.6,일반,0.0,0,보통,manhole,infra,2557763
광주,연약지반,4.3,2.7,일반,0.0,0,보통,handhole,infra,523910
서울,암반,8.8,1.5,일반,0.0,0,보통,junction,infra,1044590
대전,연약지반,12.7,2.0,일반,0.0,0,보통,cable,infra,7604
부산,암반,11.8,1.5,일반,0.0,0,보통,pole,infra,1725808
대구,연약지반,6.6,1.7,일반,0.0,0,보통,cable,infra,7929
광주,일반,18.5,2.0,일반,0.0,0,보통,pole,infra,896438
대전,암반,6.2,1.7,일반,0.0,0,보통,conduit,infra,24120
부산,일반,11.3,1.4,일반,0.0,0,보통,manhole,infra,1464196
인천,암반,8.0,0.8,일반,0.0,0,보통,conduit,infra,27236
서울,암반,7.6,0.8,일반,0.0,0,보통,pole,infra,1523476
서울,일반,7.2,0.6,일반,0.0,0,보통,cable,infra,5988
대구,연약지반,5.8,2.9,일반,0.0,0,보통,manhole,infra,2090668
인천,암반,6.7,2.1,일반,0.0,0,보통,pole,infra,1721014
인천,일반,19.4,0.9,일반,0.0,0,보통,conduit,infra,19925
광주,연약지반,18.5,1.5,일반,0.0,0,보통,pole,infra,1128458
광주,연약지반,17.3,1.2,일반,0.0,0,보통,pole,infra,1198666
인천,연약지반,13.6,0.9,일반,0.0,0,보통,handhole,infra,557515
부산,연약지반,10.9,1.5,일반,0.0,0,보통,handhole,infra,604441
서울,암반,17.2,0.9,일반,0.0,0,보통,earthwork,infra,59983
인천,암반,15.3,1.6,일반,0.0,0,보통,pole,infra,1681505
대전,암반,13.9,2.8,일반,0.0,0,보통,junction,infra,942354
대구,연약지반,13.5,1.4,일반,0.0,0,보통,cable,infra,7906
서울,암반,18.1,1.2,일반,0.0,0,보통,manhole,infra,3000831
대전,암반,9.4,1.8,일반,0.0,0,보통,earthwork,infra,41397
경기,암반,16.8,1.4,일반,0.0,0,보통,handhole,infra,718090
부산,연약지반,4.2,2.9,일반,0.0,0,보통,conduit,infra,26789
대구,암반,12.9,1.2,일반,0.0,0,보통,manhole,infra,2176494
대구,암반,16.7,0.8,일반,0.0,0,보통,cable,infra,8418
경기,암반,14.6,1.5,일반,0.0,0,보통,handhole,infra,690449
대구,연약지반,12.8,1.4,일반,0.0,0,보통,manhole,infra,1687113
부산,일반,5.9,1.1,일반,0.0,0,보통,conduit,infra,18200
인천,연약지반,7.0,1.1,일반,0.0,0,보통,manhole,infra,1671219
광주,연약지반,13.5,3.0,일반,0.0,0,보통,junction,infra,735861
경기,암반,6.9,0.6,일반,0.0,0,보통,handhole,infra,512989
서울,일반,12.9,2.3,일반,0.0,0,보통,cable,infra,8790
인천,암반,5.6,0.6,일반,0.0,0,보통,earthwork,infra,40605
대구,암반,6.9,0.7,일반,0.0,0,보통,junction,infra,688527
인천,일반,10.4,0.8,일반,0.0,0,보통,pole,infra,918577
경기,일반,17.0,2.9,일반,0.0,0,보통,conduit,infra,24800
서울,연약지반,16.2,2.1,일반,0.0,0,보통,junction,infra,1029610
인천,연약지반,10.1,2.8,일반,0.0,0,보통,earthwork,infra,50726
대구,암반,13.1,0.7,일반,0.0,0,보통,pole,infra,1201874
인천,일반,14.0,1.2,일반,0.0,0,보통,conduit,infra,17030
경기,연약지반,5.2,0.6,일반,0.0,0,보통,manhole,infra,1575323
대구,암반,4.5,1.3,일반,0.0,0,보통,earthwork,infra,42808
대구,일반,15.0,2.8,일반,0.0,0,보통,junction,infra,663430
광주,연약지반,16.9,1.1,일반,0.0,0,보통,conduit,infra,21103
대전,일반,18.5,2.6,일반,0.0,0,보통,conduit,infra,18289
인천,암반,13.5,2.6,일반,0.0,0,보통,earthwork,infra,58006
대구,연약지반,8.9,1.6,일반,0.0,0,보통,earthwork,infra,36501
대구,암반,5.3,0.7,일반,0.0,0,보통,manhole,infra,1899560
광주,암반,4.4,1.1,일반,0.0,0,보통,pole,infra,1297076
광주,연약지반,19.2,3.0,일반,0.0,0,보통,pole,infra,1563145
광주,일반,16.2,1.0,일반,0.0,0,보통,handhole,infra,378470
부산,일반,20.0,1.6,일반,0.0,0,보통,junction,infra,640027
서울,암반,9.6,1.4,일반,0.0,0,보통,pole,infra,1726994
경기,암반,10.6,1.8,일반,0.0,0,보통,pole,infra,1714825
인천,연약지반,4.6,0.8,일반,0.0,0,보통,earthwork,infra,32738
인천,암반,17.8,2.6,일반,0.0,0,보통,conduit,infra,37825
광주,암반,10.6,1.1,일반,0.0,0,보통,earthwork,infra,41415
대구,연약지반,11.1,0.7,일반,0.0,0,보통,earthwork,infra,32864
부산,암반,18.1,1.8,일반,0.0,0,보통,conduit,infra,37833
광주,일반,15.4,1.3,일반,0.0,0,보통,conduit,infra,16522
서울,일반,19.9,2.8,일반,0.0,0,보통,manhole,infra,2539529
대전,일반,12.0,2.3,일반,0.0,0,보통,handhole,infra,441481
대구,암반,19.7,1.2,일반,0.0,0,보통,handhole,infra,610116
경기,연약지반,12.1,2.7,일반,0.0,0,보통,junction,infra,750003
인천,암반,9.4,2.5,일반,0.0,0,보통,earthwork,infra,59313
부산,연약지반,8.8,2.0,일반,0.0,0,보통,pole,infra,1406022
경기,암반,12.6,1.4,일반,0.0,0,보통,handhole,infra,698558
대구,암반,18.9,2.7,일반,0.0,0,보통,pole,infra,1730476
대구,일반,17.7,1.6,일반,0.0,0,보통,earthwork,infra,32017
대전,암반,10.2,2.2,일반,0.0,0,보통,junction,infra,871944
경기,암반,19.4,0.9,일반,0.0,0,보통,handhole,infra,633323
서울,암반,5.6,2.8,일반,0.0,0,보통,conduit,infra,42473
대구,연약지반,19.5,0.8,일반,0.0,0,보통,junction,infra,704209
부산,연약지반,15.1,2.2,일반,0.0,0,보통,junction,infra,834973
대전,연약지반,10.1,1.4,일반,0.0,0,보통,pole,infra,1178443
대구,연약지반,4.6,0.8,일반,0.0,0,보통,pole,infra,1028149
부산,일반,15.9,1.6,일반,0.0,0,보통,conduit,infra,21659
대전,일반,11.1,2.3,일반,0.0,0,보통,conduit,infra,16380
인천,일반,8.7,1.5,일반,0.0,0,보통,cable,infra,5741
대구,연약지반,14.9,1.0,일반,0.0,0,보통,cable,infra,6481
인천,암반,13.9,1.2,일반,0.0,0,보통,handhole,infra,633317
대구,연약지반,8.1,1.2,일반,0.0,0,보통,conduit,infra,22130
대구,암반,14.8,1.0,일반,0.0,0,보통,manhole,infra,2274469
광주,암반,14.2,1.6,일반,0.0,0,보통,earthwork,infra,44640
부산,일반,20.0,2.6,일반,0.0,0,보통,conduit,infra,23111
광주,암반,13.2,3.0,일반,0.0,0,보통,earthwork,infra,48331
인천,연약지반,10.3,0.6,일반,0.0,0,보통,junction,infra,649555
대전,일반,18.6,2.4,일반,0.0,0,보통,junction,infra,634756
부산,일반,13.7,1.4,일반,0.0,0,보통,pole,infra,980389
부산,연약지반,16.1,2.4,일반,0.0,0,보통,pole,infra,1699645
대전,일반,18.5,2.2,일반,0.0,0,보통,earthwork,infra,33602
서울,연약지반,9.8,0.9,일반,0.0,0,보통,earthwork,infra,42701
대구,일반,7.2,2.5,일반,0.0,0,보통,earthwork,infra,31309
부산,일반,8.1,2.6,일반,0.0,0,보통,manhole,infra,1907179
부산,연약지반,17.9,2.5,일반,0.0,0,보통,manhole,infra,2686112
경기,일반,17.8,2.3,일반,0.0,0,보통,manhole,infra,1846301
인천,연약지반,9.9,2.5,일반,0.0,0,보통,conduit,infra,26020
서울,암반,9.9,2.4,일반,0.0,0,보통,earthwork,infra,68474
인천,일반,0.0,0.0,단독주택,50.3,8,중급,window_s,building,440023
광주,일반,0.0,0.0,단독주택,276.3,8,고급,window_l,building,1185842
대구,일반,0.0,0.0,단독주택,201.8,4,보통,window_s,building,384677
부산,일반,0.0,0.0,상가,52.5,8,고급,door,building,687682
부산,일반,0.0,0.0,공장,137.4,24,고급,door,building,832957
대전,일반,0.0,0.0,아파트,253.4,20,중급,wall,building,120542
부산,일반,0.0,0.0,오피스텔,144.1,8,중급,window_l,building,959482
부산,일반,0.0,0.0,공장,272.5,21,중급,window_s,building,416370
경기,일반,0.0,0.0,아파트,285.7,27,중급,window_l,building,908290
대전,일반,0.0,0.0,공장,291.9,2,중급,flooring,building,53385
인천,일반,0.0,0.0,공장,77.5,27,고급,flooring,building,70094
인천,일반,0.0,0.0,오피스텔,112.0,5,고급,window_s,building,551028
경기,일반,0.0,0.0,오피스텔,171.3,26,보통,window_l,building,691003
서울,일반,0.0,0.0,오피스텔,24.2,26,보통,ceiling,building,61859
부산,일반,0.0,0.0,아파트,55.5,14,고급,window_l,building,1066997
대구,일반,0.0,0.0,상가,237.8,17,고급,window_l,building,983093
경기,일반,0.0,0.0,공장,32.1,26,고급,wall,building,148779
서울,일반,0.0,0.0,아파트,299.6,28,중급,tile,building,144533
대구,일반,0.0,0.0,상가,40.6,3,중급,door,building,376848
부산,일반,0.0,0.0,공장,197.3,18,고급,ceiling,building,95287
광주,일반,0.0,0.0,공장,102.6,17,고급,tile,building,80532
대전,일반,0.0,0.0,아파트,258.8,21,고급,flooring,building,78977
경기,일반,0.0,0.0,상가,114.9,15,중급,tile,building,87133
부산,일반,0.0,0.0,상가,107.5,9,중급,door,building,576714
대구,일반,0.0,0.0,아파트,45.5,3,보통,tile,building,48713
대전,일반,0.0,0.0,단독주택,247.3,18,보통,ceiling,building,68017
대구,일반,0.0,0.0,단독주택,264.6,25,중급,window_s,building,586411
광주,일반,0.0,0.0,단독주택,118.5,19,고급,flooring,building,72431
대구,일반,0.0,0.0,오피스텔,257.2,12,고급,ceiling,building,101499
부산,일반,0.0,0.0,공장,83.3,14,고급,window_s,building,498719
대전,일반,0.0,0.0,단독주택,28.1,9,고급,wall,building,192227
부산,일반,0.0,0.0,아파트,70.8,5,고급,tile,building,102949
대전,일반,0.0,0.0,아파트,45.7,17,보통,tile,building,55077
부산,일반,0.0,0.0,오피스텔,123.6,24,중급,window_l,building,987083
경기,일반,0.0,0.0,오피스텔,231.2,2,고급,window_l,building,1043217
대전,일반,0.0,0.0,상가,156.0,15,중급,wall,building,108999
광주,일반,0.0,0.0,아파트,116.6,4,중급,paint,building,20383
부산,일반,0.0,0.0,아파트,81.7,20,보통,window_s,building,295234
경기,일반,0.0,0.0,오피스텔,234.0,10,중급,window_l,building,718365
대전,일반,0.0,0.0,상가,69.2,13,고급,flooring,building,61781
인천,일반,0.0,0.0,단독주택,40.2,28,고급,window_s,building,625666
대구,일반,0.0,0.0,아파트,261.4,19,중급,tile,building,101475
대구,일반,0.0,0.0,단독주택,52.2,1,중급,door,building,573293
광주,일반,0.0,0.0,상가,253.0,30,중급,window_l,building,722905
서울,일반,0.0,0.0,오피스텔,142.0,13,고급,window_l,building,1340990
부산,일반,0.0,0.0,단독주택,82.0,25,보통,window_l,building,688207
서울,일반,0.0,0.0,공장,162.8,29,중급,ceiling,building,90493
인천,일반,0.0,0.0,오피스텔,86.2,5,중급,flooring,building,52483
경기,일반,0.0,0.0,아파트,69.6,25,고급,paint,building,32046
광주,일반,0.0,0.0,공장,145.7,30,고급,ceiling,building,91843
대전,일반,0.0,0.0,단독주택,62.3,3,중급,paint,building,22766
인천,일반,0.0,0.0,단독주택,185.6,12,고급,window_l,building,1162584
대구,일반,0.0,0.0,아파트,35.9,27,중급,window_l,building,680802
인천,일반,0.0,0.0,아파트,192.2,17,중급,paint,building,27214
인천,일반,0.0,0.0,아파트,145.9,26,고급,flooring,building,81041
대구,일반,0.0,0.0,공장,62.2,2,중급,window_l,building,554735
인천,일반,0.0,0.0,단독주택,295.1,3,고급,door,building,870931
대전,일반,0.0,0.0,상가,297.5,17,고급,door,building,745872
부산,일반,0.0,0.0,상가,134.5,11,고급,window_s,building,608467
대전,일반,0.0,0.0,단독주택,38.5,4,고급,tile,building,101927
대전,일반,0.0,0.0,공장,264.5,11,보통,door,building,411188
부산,일반,0.0,0.0,상가,56.1,23,보통,wall,building,105126
대전,일반,0.0,0.0,단독주택,247.7,22,고급,window_l,building,1238667
대구,일반,0.0,0.0,공장,121.3,12,중급,door,building,499124
부산,일반,0.0,0.0,상가,73.8,5,보통,window_l,building,480679
인천,일반,0.0,0.0,아파트,162.2,18,고급,window_s,building,628266
인천,일반,0.0,0.0,공장,56.7,13,보통,door,building,315210
대전,일반,0.0,0.0,공장,246.5,6,고급,paint,building,23391
부산,일반,0.0,0.0,오피스텔,291.5,20,중급,paint,building,31044
경기,일반,0.0,0.0,단독주택,290.4,26,중급,flooring,building,74353
광주,일반,0.0,0.0,상가,149.3,10,중급,tile,building,85305
인천,일반,0.0,0.0,오피스텔,244.4,5,중급,window_s,building,502678
인천,일반,0.0,0.0,단독주택,175.3,4,고급,window_l,building,1099165
인천,일반,0.0,0.0,오피스텔,96.4,29,고급,door,building,999521
서울,일반,0.0,0.0,오피스텔,248.7,29,중급,window_s,building,641481
대구,일반,0.0,0.0,공장,124.7,13,보통,ceiling,building,40207
부산,일반,0.0,0.0,아파트,255.0,21,중급,door,building,621084
부산,일반,0.0,0.0,상가,214.9,5,고급,paint,building,34632
서울,일반,0.0,0.0,아파트,25.3,7,보통,tile,building,65140
부산,일반,0.0,0.0,오피스텔,104.3,2,보통,tile,building,76711
광주,일반,0.0,0.0,상가,37.6,27,중급,window_s,building,341571
광주,일반,0.0,0.0,오피스텔,221.2,10,중급,window_s,building,435366
경기,일반,0.0,0.0,공장,136.6,22,고급,window_l,building,877566
부산,일반,0.0,0.0,아파트,287.0,18,고급,window_s,building,675707
대구,일반,0.0,0.0,아파트,198.0,12,중급,window_s,building,380146
서울,일반,0.0,0.0,단독주택,87.5,22,고급,window_l,building,1545886
대전,일반,0.0,0.0,단독주택,57.4,12,고급,ceiling,building,103423
경기,일반,0.0,0.0,상가,294.6,16,고급,door,building,928756
서울,일반,0.0,0.0,상가,30.4,7,보통,flooring,building,50014
부산,일반,0.0,0.0,단독주택,164.3,27,고급,paint,building,41678
인천,일반,0.0,0.0,오피스텔,100.1,28,보통,ceiling,building,60485
인천,일반,0.0,0.0,단독주택,142.3,13,고급,paint,building,44329
대구,일반,0.0,0.0,단독주택,292.6,16,고급,paint,building,40321
인천,일반,0.0,0.0,공장,94.7,3,고급,tile,building,85361
광주,일반,0.0,0.0,오피스텔,172.7,11,보통,window_l,building,531271
부산,일반,0.0,0.0,단독주택,144.9,23,중급,door,building,773189
부산,일반,0.0,0.0,상가,31.9,28,중급,tile,building,80736
인천,일반,0.0,0.0,아파트,41.0,21,중급,ceiling,building,70227
대전,일반,0.0,0.0,오피스텔,286.8,5,고급,paint,building,31086
서울,일반,0.0,0.0,오피스텔,238.0,12,중급,tile,building,150733
서울,일반,0.0,0.0,공장,63.0,15,중급,ceiling,building,70855
서울,일반,0.0,0.0,공장,58.6,12,중급,ceiling,building,73910
경기,일반,0.0,0.0,아파트,27.3,6,중급,tile,building,84439
서울,일반,0.0,0.0,단독주택,237.0,23,중급,flooring,building,106698
부산,일반,0.0,0.0,상가,76.0,5,보통,paint,building,15426
대전,일반,0.0,0.0,상가,299.2,26,고급,ceiling,building,109525
대전,일반,0.0,0.0,아파트,174.0,10,중급,door,building,545707
대전,일반,0.0,0.0,오피스텔,242.2,17,보통,window_l,building,702728
인천,일반,0.0,0.0,오피스텔,86.3,16,보통,ceiling,building,61619
부산,일반,0.0,0.0,상가,245.0,18,보통,window_l,building,556840
대구,일반,0.0,0.0,상가,167.2,25,중급,window_l,building,621846
부산,일반,0.0,0.0,아파트,146.0,22,고급,ceiling,building,100271
인천,일반,0.0,0.0,공장,199.1,6,보통,tile,building,60915
인천,일반,0.0,0.0,아파트,252.8,17,보통,wall,building,109964
부산,일반,0.0,0.0,오피스텔,116.9,17,중급,window_l,building,788251
대전,일반,0.0,0.0,공장,96.8,21,중급,window_l,building,548125
경기,일반,0.0,0.0,공장,283.6,5,보통,ceiling,building,56290
광주,일반,0.0,0.0,아파트,251.1,1,보통,window_s,building,328131
인천,일반,0.0,0.0,공장,94.1,7,고급,tile,building,103096
서울,일반,0.0,0.0,상가,268.9,18,중급,wall,building,186290
인천,일반,0.0,0.0,상가,103.3,3,고급,window_s,building,449291
대구,일반,0.0,0.0,상가,150.0,11,고급,door,building,656997
대전,일반,0.0,0.0,단독주택,225.6,28,중급,tile,building,93822
부산,일반,0.0,0.0,공장,177.3,11,보통,paint,building,15420
대구,일반,0.0,0.0,오피스텔,59.4,2,중급,tile,building,88764
대구,일반,0.0,0.0,오피스텔,289.6,29,보통,ceiling,building,80006
대전,일반,0.0,0.0,단독주택,73.2,6,중급,paint,building,22470
부산,일반,0.0,0.0,상가,26.5,13,고급,paint,building,34623
경기,일반,0.0,0.0,공장,118.8,2,중급,paint,building,19309
인천,일반,0.0,0.0,상가,100.0,1,보통,tile,building,53756
부산,일반,0.0,0.0,단독주택,233.9,12,보통,tile,building,78942
광주,일반,0.0,0.0,오피스텔,121.5,10,보통,tile,building,64973
인천,일반,0.0,0.0,공장,98.3,20,고급,window_l,building,772611
서울,일반,0.0,0.0,상가,124.5,11,고급,ceiling,building,125346
경기,일반,0.0,0.0,공장,162.6,17,보통,window_s,building,232217
대전,일반,0.0,0.0,단독주택,245.1,17,중급,door,building,670827
광주,일반,0.0,0.0,오피스텔,111.8,20,중급,door,building,539157
광주,일반,0.0,0.0,단독주택,186.2,17,고급,paint,building,38884
부산,일반,0.0,0.0,상가,248.4,12,중급,window_l,building,928697
광주,일반,0.0,0.0,단독주택,243.1,24,고급,window_s,building,681802
부산,일반,0.0,0.0,공장,181.7,24,보통,paint,building,16703
대전,일반,0.0,0.0,공장,236.9,13,보통,flooring,building,30959
대전,일반,0.0,0.0,아파트,73.4,15,중급,tile,building,66994
대전,일반,0.0,0.0,오피스텔,134.9,25,고급,paint,building,38446
대전,일반,0.0,0.0,아파트,217.6,17,보통,ceiling,building,62721
대구,일반,0.0,0.0,공장,125.5,6,중급,ceiling,building,55914
대전,일반,0.0,0.0,단독주택,190.8,7,보통,wall,building,112280
경기,일반,0.0,0.0,단독주택,235.9,23,보통,paint,building,22713
부산,일반,0.0,0.0,공장,281.4,26,고급,wall,building,195073
광주,일반,0.0,0.0,공장,126.3,13,중급,door,building,396147
부산,일반,0.0,0.0,아파트,117.0,15,고급,wall,building,215619
경기,일반,0.0,0.0,오피스텔,251.8,9,고급,wall,building,198580
광주,일반,0.0,0.0,공장,87.0,2,고급,flooring,building,55591
서울,일반,0.0,0.0,아파트,135.7,23,중급,window_l,building,997196
경기,일반,0.0,0.0,아파트,290.1,30,보통,tile,building,86599
대구,일반,0.0,0.0,상가,202.2,25,중급,ceiling,building,67699
서울,일반,0.0,0.0,아파트,202.6,8,고급,window_s,building,811981
경기,일반,0.0,0.0,상가,267.0,6,보통,tile,building,75053
경기,일반,0.0,0.0,단독주택,265.5,1,중급,window_l,building,978228
부산,일반,0.0,0.0,단독주택,147.2,21,고급,paint,building,48150
경기,일반,0.0,0.0,공장,151.0,7,보통,ceiling,building,41134
대구,일반,0.0,0.0,단독주택,221.2,1,고급,ceiling,building,119823
광주,일반,0.0,0.0,오피스텔,69.1,28,고급,tile,building,132111
광주,일반,0.0,0.0,단독주택,44.3,22,보통,door,building,482855
대구,일반,0.0,0.0,단독주택,282.0,1,중급,tile,building,94422
인천,일반,0.0,0.0,단독주택,287.1,10,고급,window_s,building,688732
부산,일반,0.0,0.0,오피스텔,37.4,4,중급,wall,building,125226
대전,일반,0.0,0.0,공장,278.5,29,고급,wall,building,185505
대전,일반,0.0,0.0,단독주택,122.9,8,보통,door,building,425383
대구,일반,0.0,0.0,공장,124.6,23,고급,paint,building,29655
인천,일반,0.0,0.0,오피스텔,233.3,22,고급,window_l,building,1298834
광주,일반,0.0,0.0,단독주택,41.9,19,보통,window_s,building,325768
광주,일반,0.0,0.0,오피스텔,180.4,5,보통,ceiling,building,60646
대구,일반,0.0,0.0,아파트,210.5,23,고급,paint,building,30795
광주,일반,0.0,0.0,상가,246.4,15,보통,tile,building,63557
서울,일반,0.0,0.0,공장,149.5,26,중급,window_s,building,444343
인천,일반,0.0,0.0,아파트,228.8,19,보통,window_s,building,347225
대전,일반,0.0,0.0,아파트,171.5,2,보통,paint,building,13952
대구,일반,0.0,0.0,오피스텔,235.3,25,고급,tile,building,140542
대구,일반,0.0,0.0,상가,263.5,30,중급,tile,building,83412
대전,일반,0.0,0.0,공장,57.2,28,중급,window_l,building,490264
광주,일반,0.0,0.0,상가,168.1,24,보통,window_s,building,305949
부산,일반,0.0,0.0,상가,208.6,18,중급,tile,building,108049
경기,일반,0.0,0.0,상가,116.9,9,보통,window_l,building,429588
대전,일반,0.0,0.0,상가,192.2,30,보통,flooring,building,38080
서울,일반,0.0,0.0,공장,29.4,20,고급,window_s,building,505538
서울,일반,0.0,0.0,상가,142.9,18,보통,window_s,building,337167
부산,일반,0.0,0.0,오피스텔,248.4,24,고급,ceiling,building,140717
인천,일반,0.0,0.0,단독주택,86.3,29,보통,flooring,building,50917
부산,일반,0.0,0.0,아파트,175.9,19,고급,door,building,924316
대구,일반,0.0,0.0,공장,158.8,12,고급,tile,building,107668
부산,일반,0.0,0.0,상가,134.3,10,중급,door,building,606310
대구,일반,0.0,0.0,오피스텔,257.8,10,고급,door,building,965743
서울,일반,0.0,0.0,공장,135.5,14,고급,door,building,802850
부산,일반,0.0,0.0,오피스텔,112.5,3,중급,ceiling,building,69655
대전,일반,0.0,0.0,오피스텔,34.4,13,고급,window_s,building,547805
경기,일반,0.0,0.0,공장,222.8,18,보통,paint,building,15665
부산,일반,0.0,0.0,단독주택,288.0,1,보통,flooring,building,65661
서울,일반,0.0,0.0,상가,276.0,23,고급,flooring,building,106461
경기,일반,0.0,0.0,공장,110.1,10,중급,paint,building,19532
부산,일반,0.0,0.0,단독주택,93.2,17,중급,paint,building,25506
대전,일반,0.0,0.0,상가,233.3,11,보통,ceiling,building,48244
서울,일반,0.0,0.0,공장,261.9,24,보통,window_s,building,359360
광주,일반,0.0,0.0,공장,221.6,10,보통,flooring,building,33247
대구,일반,0.0,0.0,공장,253.3,16,고급,ceiling,building,83489
인천,일반,0.0,0.0,상가,290.6,21,고급,paint,building,38351
대전,일반,0.0,0.0,단독주택,67.4,24,고급,paint,building,30453
광주,일반,0.0,0.0,아파트,166.7,27,보통,window_s,building,326678
대구,일반,0.0,0.0,오피스텔,255.9,8,보통,door,building,414401
광주,일반,0.0,0.0,상가,124.5,20,고급,paint,building,30287
서울,일반,0.0,0.0,아파트,169.0,14,보통,window_s,building,403873
부산,일반,0.0,0.0,공장,293.7,1,고급,tile,building,132269
경기,일반,0.0,0.0,아파트,277.1,17,보통,flooring,building,44626
광주,일반,0.0,0.0,단독주택,248.3,9,중급,window_l,building,776537
대구,일반,0.0,0.0,상가,178.2,23,보통,wall,building,107558
인천,일반,0.0,0.0,아파트,203.0,28,고급,window_s,building,571360
대구,일반,0.0,0.0,상가,174.8,2,고급,window_s,building,516927
서울,일반,0.0,0.0,상가,256.7,21,중급,window_l,building,1112249
서울,일반,0.0,0.0,오피스텔,79.2,28,고급,paint,building,43227
서울,일반,0.0,0.0,단독주택,271.8,19,고급,window_s,building,840197
인천,일반,0.0,0.0,단독주택,24.4,7,고급,door,building,857468
대전,일반,0.0,0.0,상가,280.1,10,보통,flooring,building,42024
인천,일반,0.0,0.0,상가,209.6,18,중급,tile,building,101720
경기,일반,0.0,0.0,아파트,160.2,12,보통,window_l,building,545787
인천,일반,0.0,0.0,아파트,115.4,25,고급,tile,building,148349
부산,일반,0.0,0.0,아파트,197.6,26,중급,paint,building,26655
광주,일반,0.0,0.0,상가,140.9,22,고급,tile,building,95159
광주,일반,0.0,0.0,단독주택,243.5,23,보통,window_l,building,613885
대구,일반,0.0,0.0,오피스텔,227.1,11,중급,window_l,building,704982
부산,일반,0.0,0.0,상가,120.8,9,보통,door,building,372930
대구,일반,0.0,0.0,상가,176.0,17,중급,window_l,building,584435
부산,일반,0.0,0.0,공장,46.1,20,중급,tile,building,64795
대구,일반,0.0,0.0,상가,238.2,24,고급,flooring,building,81840
경기,일반,0.0,0.0,상가,67.5,9,중급,wall,building,116506
서울,일반,0.0,0.0,오피스텔,141.7,14,중급,paint,building,36310
부산,일반,0.0,0.0,단독주택,284.4,24,고급,paint,building,50817
경기,일반,0.0,0.0,상가,50.0,10,보통,tile,building,54445
광주,일반,0.0,0.0,상가,245.1,11,중급,ceiling,building,65741
인천,일반,0.0,0.0,공장,58.1,11,고급,flooring,building,61855
경기,일반,0.0,0.0,상가,291.2,10,고급,paint,building,40242
인천,일반,0.0,0.0,오피스텔,111.2,9,중급,ceiling,building,69140
광주,일반,0.0,0.0,오피스텔,185.8,18,보통,window_s,building,369700
대구,일반,0.0,0.0,오피스텔,142.8,10,고급,window_l,building,1122392
인천,일반,0.0,0.0,상가,208.4,5,고급,wall,building,175206
대전,일반,0.0,0.0,오피스텔,220.3,26,중급,window_l,building,802184
광주,일반,0.0,0.0,상가,183.0,18,고급,tile,building,112476
인천,일반,0.0,0.0,단독주택,216.5,26,고급,window_l,building,1193123
경기,일반,0.0,0.0,단독주택,66.6,20,보통,tile,building,84336
부산,일반,0.0,0.0,상가,49.7,4,중급,flooring,building,50407
광주,일반,0.0,0.0,공장,182.5,19,보통,paint,building,14542
대구,일반,0.0,0.0,공장,213.3,5,중급,window_s,building,329288
부산,일반,0.0,0.0,상가,277.8,3,보통,door,building,455287
부산,일반,0.0,0.0,상가,239.6,17,중급,ceiling,building,81870
대구,일반,0.0,0.0,상가,109.3,10,보통,window_l,building,407569
부산,일반,0.0,0.0,아파트,209.6,6,고급,flooring,building,86816
광주,일반,0.0,0.0,오피스텔,112.7,14,중급,flooring,building,59078
대전,일반,0.0,0.0,오피스텔,72.2,22,중급,tile,building,72886
광주,일반,0.0,0.0,오피스텔,145.9,14,중급,window_s,building,424656
경기,일반,0.0,0.0,단독주택,230.7,26,보통,window_l,building,792676
광주,일반,0.0,0.0,오피스텔,122.4,7,중급,window_l,building,632394
인천,일반,0.0,0.0,상가,167.8,21,중급,tile,building,95245
광주,일반,0.0,0.0,아파트,117.4,28,중급,door,building,577395
대전,일반,0.0,0.0,단독주택,277.2,19,보통,door,building,489758
경기,일반,0.0,0.0,단독주택,52.7,12,고급,door,building,807423
대구,일반,0.0,0.0,공장,58.6,13,중급,door,building,412920
광주,일반,0.0,0.0,오피스텔,175.4,16,중급,door,building,526730
인천,일반,0.0,0.0,상가,193.4,28,중급,window_s,building,440533
경기,일반,0.0,0.0,상가,289.9,17,고급,paint,building,35433
대구,일반,0.0,0.0,상가,218.8,15,중급,door,building,477523
서울,일반,0.0,0.0,오피스텔,101.8,9,보통,wall,building,123396
대구,일반,0.0,0.0,공장,227.9,25,중급,window_l,building,676953
부산,일반,0.0,0.0,공장,250.5,12,고급,window_s,building,603426
대구,일반,0.0,0.0,공장,81.2,14,보통,flooring,building,30805
서울,일반,0.0,0.0,상가,93.6,28,보통,paint,building,25073
서울,일반,0.0,0.0,오피스텔,78.8,24,고급,ceiling,building,151558
광주,일반,0.0,0.0,상가,66.5,5,보통,flooring,building,35957
광주,일반,0.0,0.0,단독주택,169.0,20,고급,door,building,806868
대전,일반,0.0,0.0,단독주택,101.0,9,고급,window_l,building,867867
인천,일반,0.0,0.0,상가,277.3,9,고급,door,building,897938
경기,일반,0.0,0.0,오피스텔,60.9,11,보통,tile,building,67251
광주,일반,0.0,0.0,단독주택,195.8,13,중급,window_l,building,816591
인천,일반,0.0,0.0,아파트,132.8,24,중급,ceiling,building,76761
대구,일반,0.0,0.0,단독주택,182.9,28,고급,window_l,building,1291090
대구,일반,0.0,0.0,단독주택,258.0,26,고급,tile,building,143184
대구,일반,0.0,0.0,오피스텔,158.5,11,중급,ceiling,building,76524
경기,일반,0.0,0.0,공장,258.7,26,중급,window_s,building,343675
대전,일반,0.0,0.0,상가,24.6,30,보통,paint,building,14954
대구,일반,0.0,0.0,오피스텔,298.8,30,보통,wall,building,121499
부산,일반,0.0,0.0,아파트,203.3,9,보통,ceiling,building,65331
대전,일반,0.0,0.0,오피스텔,34.5,21,중급,flooring,building,50585
서울,일반,0.0,0.0,아파트,20.3,16,보통,door,building,500709
광주,일반,0.0,0.0,상가,22.6,23,중급,window_l,building,655422
대구,일반,0.0,0.0,오피스텔,153.8,8,중급,window_l,building,791771
서울,일반,0.0,0.0,아파트,107.7,29,중급,door,building,709121
인천,일반,0.0,0.0,오피스텔,199.6,22,보통,window_l,building,701160
서울,일반,0.0,0.0,공장,202.0,15,중급,flooring,building,66607
경기,일반,0.0,0.0,상가,192.5,15,보통,window_l,building,617988
경기,일반,0.0,0.0,아파트,185.1,13,중급,tile,building,85832
경기,일반,0.0,0.0,오피스텔,97.6,3,보통,wall,building,112857
대전,일반,0.0,0.0,아파트,257.4,22,중급,flooring,building,58765
